DM,p_value,n,model_1,model_2
-0.43349230826260615,0.6654226742828122,123,ARIMA,Persistence
3.9360598714380037,0.00013824582364052596,123,LSTM,Persistence
7.949313046425835,1.0662581928500003e-12,123,Prophet,Persistence
-3.7653196908520132,0.00025729261717089,123,ARIMA,LSTM
-7.957396518291386,1.021405182655144e-12,123,ARIMA,Prophet
