Model,MSE,RMSE,MAE,R²
ARIMA,2370.0099901689105,48.68274838347678,32.75355104253697,0.8761305340120368
LSTM,15436.036835536428,124.24184816532805,93.58800949700199,0.19322971307300052
FB-Prophet,18851.523568891276,137.30085057599342,111.70497261405075,0.014718010799760206
